{
  "tracker_name": "ParticleTracker",
  "results": [
    {
      "sequence_name": "ball",
      "sequence_length": 602,
      "overlap": 0.6293677284329555,
      "failures": 0,
      "speed": 179.2311914958839
    },
    {
      "sequence_name": "basketball",
      "sequence_length": 725,
      "overlap": 0.6417698472550415,
      "failures": 1,
      "speed": 115.72988456179954
    },
    {
      "sequence_name": "bicycle",
      "sequence_length": 271,
      "overlap": 0.3660653770775621,
      "failures": 0,
      "speed": 211.37119465649886
    },
    {
      "sequence_name": "bolt",
      "sequence_length": 350,
      "overlap": 0.5411152380542944,
      "failures": 1,
      "speed": 135.03915628159615
    },
    {
      "sequence_name": "car",
      "sequence_length": 252,
      "overlap": 0.36628656392600356,
      "failures": 0,
      "speed": 161.29361782660072
    },
    {
      "sequence_name": "david",
      "sequence_length": 770,
      "overlap": 0.4943305355783114,
      "failures": 1,
      "speed": 130.64356605073573
    },
    {
      "sequence_name": "diving",
      "sequence_length": 219,
      "overlap": 0.2961470958344697,
      "failures": 1,
      "speed": 136.69456755379727
    },
    {
      "sequence_name": "fernando",
      "sequence_length": 292,
      "overlap": 0.387691240396748,
      "failures": 2,
      "speed": 67.21158788265528
    },
    {
      "sequence_name": "fish1",
      "sequence_length": 436,
      "overlap": 0.24987706365051146,
      "failures": 4,
      "speed": 166.59378122629371
    },
    {
      "sequence_name": "fish2",
      "sequence_length": 310,
      "overlap": 0.2996606510460637,
      "failures": 3,
      "speed": 133.92819922981533
    },
    {
      "sequence_name": "gymnastics",
      "sequence_length": 207,
      "overlap": 0.559292771698738,
      "failures": 0,
      "speed": 179.37364749995126
    },
    {
      "sequence_name": "hand1",
      "sequence_length": 244,
      "overlap": 0.3564955935484357,
      "failures": 3,
      "speed": 156.06520756864325
    },
    {
      "sequence_name": "hand2",
      "sequence_length": 267,
      "overlap": 0.4702979186295601,
      "failures": 5,
      "speed": 168.7801183252494
    },
    {
      "sequence_name": "jogging",
      "sequence_length": 307,
      "overlap": 0.6327764145635696,
      "failures": 2,
      "speed": 194.4772721501677
    },
    {
      "sequence_name": "motocross",
      "sequence_length": 164,
      "overlap": 0.4200904125069578,
      "failures": 1,
      "speed": 109.15114539084695
    },
    {
      "sequence_name": "polarbear",
      "sequence_length": 371,
      "overlap": 0.5405577321453805,
      "failures": 0,
      "speed": 135.51545901913175
    },
    {
      "sequence_name": "skating",
      "sequence_length": 400,
      "overlap": 0.46369472045038124,
      "failures": 2,
      "speed": 108.87638504093583
    },
    {
      "sequence_name": "sphere",
      "sequence_length": 201,
      "overlap": 0.5623031942115945,
      "failures": 2,
      "speed": 110.31285629123536
    },
    {
      "sequence_name": "sunshade",
      "sequence_length": 172,
      "overlap": 0.5866401383800547,
      "failures": 0,
      "speed": 184.23878143013192
    },
    {
      "sequence_name": "surfing",
      "sequence_length": 282,
      "overlap": 0.6641115731110875,
      "failures": 0,
      "speed": 194.67944796612912
    },
    {
      "sequence_name": "torus",
      "sequence_length": 264,
      "overlap": 0.5037701400432244,
      "failures": 0,
      "speed": 191.85142606980227
    },
    {
      "sequence_name": "trellis",
      "sequence_length": 569,
      "overlap": 0.41418427076930386,
      "failures": 0,
      "speed": 169.1549956136088
    },
    {
      "sequence_name": "tunnel",
      "sequence_length": 731,
      "overlap": 0.35404556573264945,
      "failures": 5,
      "speed": 164.18110558669812
    },
    {
      "sequence_name": "woman",
      "sequence_length": 597,
      "overlap": 0.5357391931098717,
      "failures": 1,
      "speed": 179.54459237771698
    }
  ],
  "average_overlap": 0.4723462908396989,
  "total_failures": 34,
  "average_speed": 153.49746612899688,
  "total_frames": 9003
}